<?xml version="1.0" encoding="UTF-8"?>
<GenRun Id="synth_1" LaunchPart="xc7a35tcpg236-1" LaunchTime="1686212094">
  <File Type="PA-TCL" Name="Nanoprocessor.tcl"/>
  <File Type="REPORTS-TCL" Name="Nanoprocessor_reports.tcl"/>
  <File Type="RDS-RDS" Name="Nanoprocessor.vds"/>
  <File Type="RDS-UTIL" Name="Nanoprocessor_utilization_synth.rpt"/>
  <File Type="RDS-UTIL-PB" Name="Nanoprocessor_utilization_synth.pb"/>
  <File Type="RDS-DCP" Name="Nanoprocessor.dcp"/>
  <FileSet Name="sources" Type="DesignSrcs" RelSrcDir="$PSRCDIR/sources_1">
    <Filter Type="Srcs"/>
    <File Path="$PSRCDIR/sources_1/new/Add_Sub_4bit.vhd">
      <FileInfo>
        <Attr Name="UsedIn" Val="synthesis"/>
        <Attr Name="UsedIn" Val="simulation"/>
      </FileInfo>
    </File>
    <File Path="$PSRCDIR/sources_1/new/Adder_3bit.vhd">
      <FileInfo>
        <Attr Name="UsedIn" Val="synthesis"/>
        <Attr Name="UsedIn" Val="simulation"/>
      </FileInfo>
    </File>
    <File Path="$PSRCDIR/sources_1/imports/new/D_FF.vhd">
      <FileInfo>
        <Attr Name="ImportPath" Val="$PPRDIR/../Lab_9_Trial_01/Lab_9_Trial_01.srcs/sources_1/imports/new/D_FF.vhd"/>
        <Attr Name="ImportTime" Val="1685550826"/>
        <Attr Name="UsedIn" Val="synthesis"/>
        <Attr Name="UsedIn" Val="simulation"/>
      </FileInfo>
    </File>
    <File Path="$PSRCDIR/sources_1/imports/new/D_FFwithEN.vhd">
      <FileInfo>
        <Attr Name="ImportPath" Val="$PPRDIR/../Lab_9_Trial_01/Lab_9_Trial_01.srcs/sources_1/new/D_FFwithEN.vhd"/>
        <Attr Name="ImportTime" Val="1685987902"/>
        <Attr Name="UsedIn" Val="synthesis"/>
        <Attr Name="UsedIn" Val="simulation"/>
      </FileInfo>
    </File>
    <File Path="$PSRCDIR/sources_1/imports/new/Decoder_2_to_4.vhd">
      <FileInfo>
        <Attr Name="ImportPath" Val="$PPRDIR/../Lab_9_Trial_01/Lab_9_Trial_01.srcs/sources_1/imports/new/Decoder_2_to_4.vhd"/>
        <Attr Name="ImportTime" Val="1679682104"/>
        <Attr Name="UsedIn" Val="synthesis"/>
        <Attr Name="UsedIn" Val="simulation"/>
      </FileInfo>
    </File>
    <File Path="$PSRCDIR/sources_1/imports/new/Decoder_3_to_8.vhd">
      <FileInfo>
        <Attr Name="ImportPath" Val="$PPRDIR/../Lab_9_Trial_01/Lab_9_Trial_01.srcs/sources_1/imports/new/Decoder_3_to_8.vhd"/>
        <Attr Name="ImportTime" Val="1679683604"/>
        <Attr Name="UsedIn" Val="synthesis"/>
        <Attr Name="UsedIn" Val="simulation"/>
      </FileInfo>
    </File>
    <File Path="$PSRCDIR/sources_1/new/FA.vhd">
      <FileInfo>
        <Attr Name="UsedIn" Val="synthesis"/>
        <Attr Name="UsedIn" Val="simulation"/>
      </FileInfo>
    </File>
    <File Path="$PSRCDIR/sources_1/new/HA.vhd">
      <FileInfo>
        <Attr Name="UsedIn" Val="synthesis"/>
        <Attr Name="UsedIn" Val="simulation"/>
      </FileInfo>
    </File>
    <File Path="$PSRCDIR/sources_1/new/Instruction_Decoder.vhd">
      <FileInfo>
        <Attr Name="UsedIn" Val="synthesis"/>
        <Attr Name="UsedIn" Val="simulation"/>
      </FileInfo>
    </File>
    <File Path="$PSRCDIR/sources_1/imports/new/LUT_16_7.vhd">
      <FileInfo>
        <Attr Name="ImportPath" Val="$PPRDIR/../Lab_9_Trial_01/Lab_9_Trial_01.srcs/sources_1/imports/new/LUT_16_7.vhd"/>
        <Attr Name="ImportTime" Val="1683045011"/>
        <Attr Name="UsedIn" Val="synthesis"/>
        <Attr Name="UsedIn" Val="simulation"/>
      </FileInfo>
    </File>
    <File Path="$PSRCDIR/sources_1/new/Mux_2_to_1_3bit.vhd">
      <FileInfo>
        <Attr Name="UsedIn" Val="synthesis"/>
        <Attr Name="UsedIn" Val="simulation"/>
      </FileInfo>
    </File>
    <File Path="$PSRCDIR/sources_1/new/Mux_2_to_1_4bit.vhd">
      <FileInfo>
        <Attr Name="UsedIn" Val="synthesis"/>
        <Attr Name="UsedIn" Val="simulation"/>
      </FileInfo>
    </File>
    <File Path="$PSRCDIR/sources_1/new/Mux_8_to_1_4bit.vhd">
      <FileInfo>
        <Attr Name="UsedIn" Val="synthesis"/>
        <Attr Name="UsedIn" Val="simulation"/>
      </FileInfo>
    </File>
    <File Path="$PSRCDIR/sources_1/imports/sources_1/imports/Nanoprocessor components/Program Counter/Program Counter/Program Counter.srcs/sources_1/new/Program_Counter.vhd">
      <FileInfo>
        <Attr Name="ImportPath" Val="$PPRDIR/../Lab_9_Trial_01/Lab_9_Trial_01.srcs/sources_1/imports/Nanoprocessor components/Program Counter/Program Counter/Program Counter.srcs/sources_1/new/Program_Counter.vhd"/>
        <Attr Name="ImportTime" Val="1685550827"/>
        <Attr Name="UsedIn" Val="synthesis"/>
        <Attr Name="UsedIn" Val="simulation"/>
      </FileInfo>
    </File>
    <File Path="$PSRCDIR/sources_1/imports/sources_1/new/ROM.vhd">
      <FileInfo>
        <Attr Name="ImportPath" Val="$PPRDIR/../Lab_9_Trial_01/Lab_9_Trial_01.srcs/sources_1/new/ROM.vhd"/>
        <Attr Name="ImportTime" Val="1685988394"/>
        <Attr Name="UsedIn" Val="synthesis"/>
        <Attr Name="UsedIn" Val="simulation"/>
      </FileInfo>
    </File>
    <File Path="$PSRCDIR/sources_1/new/Register_4bit.vhd">
      <FileInfo>
        <Attr Name="UsedIn" Val="synthesis"/>
        <Attr Name="UsedIn" Val="simulation"/>
      </FileInfo>
    </File>
    <File Path="$PSRCDIR/sources_1/new/Register_Bank.vhd">
      <FileInfo>
        <Attr Name="UsedIn" Val="synthesis"/>
        <Attr Name="UsedIn" Val="simulation"/>
      </FileInfo>
    </File>
    <File Path="$PSRCDIR/sources_1/imports/new/Slow_Clk.vhd">
      <FileInfo>
        <Attr Name="ImportPath" Val="$PPRDIR/../Lab_9_Trial_01/Lab_9_Trial_01.srcs/sources_1/imports/new/Slow_Clk.vhd"/>
        <Attr Name="ImportTime" Val="1686040644"/>
        <Attr Name="UsedIn" Val="synthesis"/>
        <Attr Name="UsedIn" Val="simulation"/>
      </FileInfo>
    </File>
    <File Path="$PSRCDIR/sources_1/new/Nanoprocessor.vhd">
      <FileInfo>
        <Attr Name="UsedIn" Val="synthesis"/>
        <Attr Name="UsedIn" Val="simulation"/>
      </FileInfo>
    </File>
    <Config>
      <Option Name="DesignMode" Val="RTL"/>
      <Option Name="TopModule" Val="Nanoprocessor"/>
    </Config>
  </FileSet>
  <FileSet Name="constrs_in" Type="Constrs" RelSrcDir="$PSRCDIR/constrs_1">
    <Filter Type="Constrs"/>
    <File Path="$PSRCDIR/constrs_1/new/Nanoprocessor.xdc">
      <FileInfo>
        <Attr Name="UsedIn" Val="synthesis"/>
        <Attr Name="UsedIn" Val="implementation"/>
      </FileInfo>
    </File>
    <Config>
      <Option Name="ConstrsType" Val="XDC"/>
    </Config>
  </FileSet>
  <Strategy Version="1" Minor="2">
    <StratHandle Name="Vivado Synthesis Defaults" Flow="Vivado Synthesis 2018"/>
    <Step Id="synth_design"/>
  </Strategy>
</GenRun>
