<?xml version="1.0" encoding="UTF-8"?>
<GenRun Id="impl_1" LaunchPart="xc7a35tcpg236-1" LaunchTime="1686212094">
  <File Type="BITSTR-BMM" Name="Nanoprocessor_bd.bmm"/>
  <File Type="ROUTE-PWR" Name="Nanoprocessor_power_routed.rpt"/>
  <File Type="PA-TCL" Name="Nanoprocessor.tcl"/>
  <File Type="OPT-DCP" Name="Nanoprocessor_opt.dcp"/>
  <File Type="ROUTE-PWR-SUM" Name="Nanoprocessor_power_summary_routed.pb"/>
  <File Type="REPORTS-TCL" Name="Nanoprocessor_reports.tcl"/>
  <File Type="OPT-DRC" Name="Nanoprocessor_drc_opted.rpt"/>
  <File Type="OPT-HWDEF" Name="Nanoprocessor.hwdef"/>
  <File Type="PWROPT-DCP" Name="Nanoprocessor_pwropt.dcp"/>
  <File Type="PLACE-DCP" Name="Nanoprocessor_placed.dcp"/>
  <File Type="PLACE-IO" Name="Nanoprocessor_io_placed.rpt"/>
  <File Type="PLACE-UTIL" Name="Nanoprocessor_utilization_placed.rpt"/>
  <File Type="PLACE-UTIL-PB" Name="Nanoprocessor_utilization_placed.pb"/>
  <File Type="PLACE-CTRL" Name="Nanoprocessor_control_sets_placed.rpt"/>
  <File Type="PLACE-PRE-SIMILARITY" Name="Nanoprocessor_incremental_reuse_pre_placed.rpt"/>
  <File Type="BG-BGN" Name="Nanoprocessor.bgn"/>
  <File Type="POSTPLACE-PWROPT-DCP" Name="Nanoprocessor_postplace_pwropt.dcp"/>
  <File Type="BG-BIN" Name="Nanoprocessor.bin"/>
  <File Type="PHYSOPT-DCP" Name="Nanoprocessor_physopt.dcp"/>
  <File Type="BITSTR-MSK" Name="Nanoprocessor.msk"/>
  <File Type="ROUTE-ERROR-DCP" Name="Nanoprocessor_routed_error.dcp"/>
  <File Type="ROUTE-DCP" Name="Nanoprocessor_routed.dcp"/>
  <File Type="ROUTE-BLACKBOX-DCP" Name="Nanoprocessor_routed_bb.dcp"/>
  <File Type="ROUTE-DRC" Name="Nanoprocessor_drc_routed.rpt"/>
  <File Type="ROUTE-DRC-PB" Name="Nanoprocessor_drc_routed.pb"/>
  <File Type="BITSTR-LTX" Name="Nanoprocessor.ltx"/>
  <File Type="ROUTE-DRC-RPX" Name="Nanoprocessor_drc_routed.rpx"/>
  <File Type="BITSTR-MMI" Name="Nanoprocessor.mmi"/>
  <File Type="ROUTE-METHODOLOGY-DRC" Name="Nanoprocessor_methodology_drc_routed.rpt"/>
  <File Type="ROUTE-METHODOLOGY-DRC-RPX" Name="Nanoprocessor_methodology_drc_routed.rpx"/>
  <File Type="BITSTR-SYSDEF" Name="Nanoprocessor.sysdef"/>
  <File Type="ROUTE-METHODOLOGY-DRC-PB" Name="Nanoprocessor_methodology_drc_routed.pb"/>
  <File Type="ROUTE-PWR-RPX" Name="Nanoprocessor_power_routed.rpx"/>
  <File Type="ROUTE-STATUS" Name="Nanoprocessor_route_status.rpt"/>
  <File Type="ROUTE-STATUS-PB" Name="Nanoprocessor_route_status.pb"/>
  <File Type="ROUTE-TIMINGSUMMARY" Name="Nanoprocessor_timing_summary_routed.rpt"/>
  <File Type="ROUTE-TIMING-PB" Name="Nanoprocessor_timing_summary_routed.pb"/>
  <File Type="ROUTE-TIMING-RPX" Name="Nanoprocessor_timing_summary_routed.rpx"/>
  <File Type="RDI-RDI" Name="Nanoprocessor.vdi"/>
  <File Type="ROUTE-CLK" Name="Nanoprocessor_clock_utilization_routed.rpt"/>
  <File Type="ROUTE-BUS-SKEW" Name="Nanoprocessor_bus_skew_routed.rpt"/>
  <File Type="ROUTE-BUS-SKEW-PB" Name="Nanoprocessor_bus_skew_routed.pb"/>
  <File Type="ROUTE-BUS-SKEW-RPX" Name="Nanoprocessor_bus_skew_routed.rpx"/>
  <File Type="POSTROUTE-PHYSOPT-DCP" Name="Nanoprocessor_postroute_physopt.dcp"/>
  <File Type="POSTROUTE-PHYSOPT-BLACKBOX-DCP" Name="Nanoprocessor_postroute_physopt_bb.dcp"/>
  <File Type="BG-BIT" Name="Nanoprocessor.bit"/>
  <File Type="BITSTR-RBT" Name="Nanoprocessor.rbt"/>
  <File Type="BITSTR-NKY" Name="Nanoprocessor.nky"/>
  <File Type="BG-DRC" Name="Nanoprocessor.drc"/>
  <File Type="WBT-USG" Name="usage_statistics_webtalk.html"/>
  <FileSet Name="sources" Type="DesignSrcs" RelSrcDir="$PSRCDIR/sources_1">
    <Filter Type="Srcs"/>
    <File Path="$PSRCDIR/sources_1/new/Add_Sub_4bit.vhd">
      <FileInfo>
        <Attr Name="UsedIn" Val="synthesis"/>
        <Attr Name="UsedIn" Val="simulation"/>
      </FileInfo>
    </File>
    <File Path="$PSRCDIR/sources_1/new/Adder_3bit.vhd">
      <FileInfo>
        <Attr Name="UsedIn" Val="synthesis"/>
        <Attr Name="UsedIn" Val="simulation"/>
      </FileInfo>
    </File>
    <File Path="$PSRCDIR/sources_1/imports/new/D_FF.vhd">
      <FileInfo>
        <Attr Name="ImportPath" Val="$PPRDIR/../Lab_9_Trial_01/Lab_9_Trial_01.srcs/sources_1/imports/new/D_FF.vhd"/>
        <Attr Name="ImportTime" Val="1685550826"/>
        <Attr Name="UsedIn" Val="synthesis"/>
        <Attr Name="UsedIn" Val="simulation"/>
      </FileInfo>
    </File>
    <File Path="$PSRCDIR/sources_1/imports/new/D_FFwithEN.vhd">
      <FileInfo>
        <Attr Name="ImportPath" Val="$PPRDIR/../Lab_9_Trial_01/Lab_9_Trial_01.srcs/sources_1/new/D_FFwithEN.vhd"/>
        <Attr Name="ImportTime" Val="1685987902"/>
        <Attr Name="UsedIn" Val="synthesis"/>
        <Attr Name="UsedIn" Val="simulation"/>
      </FileInfo>
    </File>
    <File Path="$PSRCDIR/sources_1/imports/new/Decoder_2_to_4.vhd">
      <FileInfo>
        <Attr Name="ImportPath" Val="$PPRDIR/../Lab_9_Trial_01/Lab_9_Trial_01.srcs/sources_1/imports/new/Decoder_2_to_4.vhd"/>
        <Attr Name="ImportTime" Val="1679682104"/>
        <Attr Name="UsedIn" Val="synthesis"/>
        <Attr Name="UsedIn" Val="simulation"/>
      </FileInfo>
    </File>
    <File Path="$PSRCDIR/sources_1/imports/new/Decoder_3_to_8.vhd">
      <FileInfo>
        <Attr Name="ImportPath" Val="$PPRDIR/../Lab_9_Trial_01/Lab_9_Trial_01.srcs/sources_1/imports/new/Decoder_3_to_8.vhd"/>
        <Attr Name="ImportTime" Val="1679683604"/>
        <Attr Name="UsedIn" Val="synthesis"/>
        <Attr Name="UsedIn" Val="simulation"/>
      </FileInfo>
    </File>
    <File Path="$PSRCDIR/sources_1/new/FA.vhd">
      <FileInfo>
        <Attr Name="UsedIn" Val="synthesis"/>
        <Attr Name="UsedIn" Val="simulation"/>
      </FileInfo>
    </File>
    <File Path="$PSRCDIR/sources_1/new/HA.vhd">
      <FileInfo>
        <Attr Name="UsedIn" Val="synthesis"/>
        <Attr Name="UsedIn" Val="simulation"/>
      </FileInfo>
    </File>
    <File Path="$PSRCDIR/sources_1/new/Instruction_Decoder.vhd">
      <FileInfo>
        <Attr Name="UsedIn" Val="synthesis"/>
        <Attr Name="UsedIn" Val="simulation"/>
      </FileInfo>
    </File>
    <File Path="$PSRCDIR/sources_1/imports/new/LUT_16_7.vhd">
      <FileInfo>
        <Attr Name="ImportPath" Val="$PPRDIR/../Lab_9_Trial_01/Lab_9_Trial_01.srcs/sources_1/imports/new/LUT_16_7.vhd"/>
        <Attr Name="ImportTime" Val="1683045011"/>
        <Attr Name="UsedIn" Val="synthesis"/>
        <Attr Name="UsedIn" Val="simulation"/>
      </FileInfo>
    </File>
    <File Path="$PSRCDIR/sources_1/new/Mux_2_to_1_3bit.vhd">
      <FileInfo>
        <Attr Name="UsedIn" Val="synthesis"/>
        <Attr Name="UsedIn" Val="simulation"/>
      </FileInfo>
    </File>
    <File Path="$PSRCDIR/sources_1/new/Mux_2_to_1_4bit.vhd">
      <FileInfo>
        <Attr Name="UsedIn" Val="synthesis"/>
        <Attr Name="UsedIn" Val="simulation"/>
      </FileInfo>
    </File>
    <File Path="$PSRCDIR/sources_1/new/Mux_8_to_1_4bit.vhd">
      <FileInfo>
        <Attr Name="UsedIn" Val="synthesis"/>
        <Attr Name="UsedIn" Val="simulation"/>
      </FileInfo>
    </File>
    <File Path="$PSRCDIR/sources_1/imports/sources_1/imports/Nanoprocessor components/Program Counter/Program Counter/Program Counter.srcs/sources_1/new/Program_Counter.vhd">
      <FileInfo>
        <Attr Name="ImportPath" Val="$PPRDIR/../Lab_9_Trial_01/Lab_9_Trial_01.srcs/sources_1/imports/Nanoprocessor components/Program Counter/Program Counter/Program Counter.srcs/sources_1/new/Program_Counter.vhd"/>
        <Attr Name="ImportTime" Val="1685550827"/>
        <Attr Name="UsedIn" Val="synthesis"/>
        <Attr Name="UsedIn" Val="simulation"/>
      </FileInfo>
    </File>
    <File Path="$PSRCDIR/sources_1/imports/sources_1/new/ROM.vhd">
      <FileInfo>
        <Attr Name="ImportPath" Val="$PPRDIR/../Lab_9_Trial_01/Lab_9_Trial_01.srcs/sources_1/new/ROM.vhd"/>
        <Attr Name="ImportTime" Val="1685988394"/>
        <Attr Name="UsedIn" Val="synthesis"/>
        <Attr Name="UsedIn" Val="simulation"/>
      </FileInfo>
    </File>
    <File Path="$PSRCDIR/sources_1/new/Register_4bit.vhd">
      <FileInfo>
        <Attr Name="UsedIn" Val="synthesis"/>
        <Attr Name="UsedIn" Val="simulation"/>
      </FileInfo>
    </File>
    <File Path="$PSRCDIR/sources_1/new/Register_Bank.vhd">
      <FileInfo>
        <Attr Name="UsedIn" Val="synthesis"/>
        <Attr Name="UsedIn" Val="simulation"/>
      </FileInfo>
    </File>
    <File Path="$PSRCDIR/sources_1/imports/new/Slow_Clk.vhd">
      <FileInfo>
        <Attr Name="ImportPath" Val="$PPRDIR/../Lab_9_Trial_01/Lab_9_Trial_01.srcs/sources_1/imports/new/Slow_Clk.vhd"/>
        <Attr Name="ImportTime" Val="1686040644"/>
        <Attr Name="UsedIn" Val="synthesis"/>
        <Attr Name="UsedIn" Val="simulation"/>
      </FileInfo>
    </File>
    <File Path="$PSRCDIR/sources_1/new/Nanoprocessor.vhd">
      <FileInfo>
        <Attr Name="UsedIn" Val="synthesis"/>
        <Attr Name="UsedIn" Val="simulation"/>
      </FileInfo>
    </File>
    <Config>
      <Option Name="DesignMode" Val="RTL"/>
      <Option Name="TopModule" Val="Nanoprocessor"/>
    </Config>
  </FileSet>
  <FileSet Name="constrs_in" Type="Constrs" RelSrcDir="$PSRCDIR/constrs_1">
    <Filter Type="Constrs"/>
    <File Path="$PSRCDIR/constrs_1/new/Nanoprocessor.xdc">
      <FileInfo>
        <Attr Name="UsedIn" Val="synthesis"/>
        <Attr Name="UsedIn" Val="implementation"/>
      </FileInfo>
    </File>
    <Config>
      <Option Name="ConstrsType" Val="XDC"/>
    </Config>
  </FileSet>
  <Strategy Version="1" Minor="2">
    <StratHandle Name="Vivado Implementation Defaults" Flow="Vivado Implementation 2018"/>
    <Step Id="init_design"/>
    <Step Id="opt_design"/>
    <Step Id="power_opt_design"/>
    <Step Id="place_design"/>
    <Step Id="post_place_power_opt_design"/>
    <Step Id="phys_opt_design"/>
    <Step Id="route_design"/>
    <Step Id="post_route_phys_opt_design"/>
    <Step Id="write_bitstream"/>
  </Strategy>
</GenRun>
